ProjectName,Scenario,Watershed,Climate,ClimStation,Total contributing area to outlet (ha),Precipitation (m^3/yr),Precipitation per area (mm/yr),Stream discharge (m^3/yr),Stream discharge per area (mm/yr),Total hillslope soil loss (tonne/yr),Total hillslope soil loss per area (kg/ha/yr),Total channel soil loss (tonne/yr),Total channel soil loss per area (kg/ha/yr),Sediment discharge (tonne/yr),Sediment discharge per area (kg/ha/yr),Sediment delivery ratio for watershed,Phosphorus discharge (kg/yr),Phosphorus discharge per area (kg/ha/yr),Particle Fraction Under 0.016 mm,Sediment Yield of Particles Under 0.016 mm (tonne/yr),Sediment Yield of Particles Under 0.016 mm per area (kg/ha/yr)
portland_BlazedAlder_CurCond.202203.cl532.chn_cs50,CurCond,BlazedAlder,CLIGEN,BonnevilleDam,1799.35,53626069,2980.302276,43386295,2411.220441,0.5,0.277878123,262.5,145.8860144,256.7,142.6626282,0.976,435.4,0.241976269,0.1918,49.23506,27.36269208
portland_BlazedAlder_CurCond.202203.cl532_future.chn_cs50,CurCond,BlazedAlder,Future,BonnevilleDam,1799.35,60718861,3374.488621,46865702,2604.590658,45.9,25.50921166,365.4,203.073332,382.1,212.3544613,0.929,568.8,0.316114152,0.205,78.3305,43.53266457
portland_BlazedAlder_CurCond.202203.cl532_gridmet.chn_cs50,CurCond,BlazedAlder,Gridmet,BonnevilleDam,1799.35,55028455,3058.240754,40520194,2251.935088,12.5,6.946953066,272.9,151.6658793,273.7,152.1104843,0.959,439,0.243976992,0.1966,53.80942,29.90492122
portland_BlazedAlder_HighSevS.202203.chn_cs50,HighSevS,BlazedAlder,CLIGEN,BonnevilleDam,1799.35,53626069,2980.302276,46874802,2605.096396,20509.7,11398.39386,4945.4,2748.436936,16649.1,9252.841304,0.654,16837.9,9.357768083,0.422,7025.9202,3904.69903
portland_BlazedAlder_LowSevS.202203.chn_cs50,LowSevS,BlazedAlder,CLIGEN,BonnevilleDam,1799.35,53626069,2980.302276,45203869,2512.233251,103.4,57.46519577,280.1,155.6673243,360.5,200.3501264,0.94,545.6,0.303220607,0.2271,81.86955,45.49951371
portland_BlazedAlder_ModSevS.202203.chn_cs50,ModSevS,BlazedAlder,CLIGEN,BonnevilleDam,1799.35,53626069,2980.302276,46059190,2559.76825,1396.7,776.2247478,435.9,242.2541473,1479,821.9634868,0.807,1665.7,0.925723178,0.3449,510.1071,283.4952066
portland_BlazedAlder_PrescFireS.202203.chn_cs50,PrescFireS,BlazedAlder,CLIGEN,BonnevilleDam,1799.35,53626069,2980.302276,44449697,2470.319671,59.6,33.12307222,282.4,156.9455637,329.2,182.954956,0.963,510,0.283435685,0.2112,69.52704,38.6400867
portland_BlazedAlder_SimFire_Eagle.202203.cl532.chn_cs50,SimFire_Eagle,BlazedAlder,CLIGEN,BonnevilleDam,1799.35,53626069,2980.302276,46157659,2565.240726,7075.5,3932.253314,347.5,193.1252952,6360.8,3535.054325,0.857,6547.7,3.638925167,0.2976,1892.97408,1052.032167
portland_BlazedAlder_SimFire_Norse.202203.cl532.chn_cs50,SimFire_Norse,BlazedAlder,CLIGEN,BonnevilleDam,1799.35,53626069,2980.302276,46245555,2570.125601,5871.1,3262.900492,478.4,265.8737878,5758.7,3200.43349,0.907,5945.8,3.304415483,0.2744,1580.18728,878.1989496
portland_BRnearMultnoma_CurCond.202203.cl532.chn_cs200,CurCond,BullRunNearMultnomah,CLIGEN,BonnevilleDam,11876.69,327417291,2756.805903,277871408,2339.636784,25.7,2.163902569,718.7,60.51349324,647.3,54.50171723,0.87,1792.7,0.150942729,0.196,126.8708,10.68233658
portland_BRnearMultnoma_CurCond.202203.cl532_future.chn_cs200,CurCond,BullRunNearMultnomah,Future,BonnevilleDam,11876.69,422224806,3555.071371,366391586,3084.96379,1331.9,112.1440401,2528.7,212.912857,3064,257.9843374,0.794,4483.6,0.37751259,0.2339,716.6696,60.34253651
portland_BRnearMultnoma_CurCond.202203.cl532_gridmet.chn_cs200,CurCond,BullRunNearMultnomah,Gridmet,BonnevilleDam,11876.69,399597304,3364.5511,342722538,2885.673854,497.2,41.86351584,1856.6,156.3230159,1953,164.4397555,0.83,3307.3,0.278469843,0.2182,426.1446,35.88075465
portland_BRnearMultnoma_HighSevS.202203.chn_cs200,HighSevS,BullRunNearMultnomah,CLIGEN,BonnevilleDam,11876.69,327417291,2756.805903,303968541,2559.370843,323607.7,27247.29702,428375.1,36068.55951,47091.8,3965.060972,0.063,48317.8,4.068288387,0.6848,32248.46464,2715.273754
portland_BRnearMultnoma_LowSevS.202203.chn_cs200,LowSevS,BullRunNearMultnomah,CLIGEN,BonnevilleDam,11876.69,327417291,2756.805903,291931230,2458.018438,5819.6,490.0018439,16042.7,1350.771974,4256.3,358.3742608,0.195,5451.8,0.45903362,0.691,2941.1033,247.6366142
portland_BRnearMultnoma_ModSevS.202203.chn_cs200,ModSevS,BullRunNearMultnomah,CLIGEN,BonnevilleDam,11876.69,327417291,2756.805903,297930984,2508.535493,37616.9,3167.288192,19949.8,1679.744104,8904.6,749.7543507,0.155,10113,0.851499871,0.5812,5175.35352,435.7572287
portland_BRnearMultnoma_PrescFireS.202203.chn_cs200,PrescFireS,BullRunNearMultnomah,CLIGEN,BonnevilleDam,11876.69,327417291,2756.805903,287282644,2418.878021,2539.2,213.7969417,8582.4,722.62558,2941.3,247.6531761,0.264,4108.5,0.345929716,0.6361,1870.96093,157.5321853
portland_BRnearMultnoma_SimFire_Eagle.202203.cl532.chn_cs200,SimFire_Eagle,BullRunNearMultnomah,CLIGEN,BonnevilleDam,11876.69,327417291,2756.805903,298157441,2510.442228,84502.7,7115.004265,122256.3,10293.8024,14219.3,1197.24435,0.069,15428.7,1.299074069,0.6493,9232.59149,777.3707565
portland_BRnearMultnoma_SimFire_Norse.202203.cl532.chn_cs200,SimFire_Norse,BullRunNearMultnomah,CLIGEN,BonnevilleDam,11876.69,327417291,2756.805903,298012916,2509.225348,61808.1,5204.151999,57944.9,4878.876185,12107.5,1019.433866,0.101,13315.8,1.121170966,0.6379,7723.37425,650.296863
portland_NorthFork_CurCond.202203.cl532.chn_cs140,CurCond,NorthFork,CLIGEN,Headworks,2021.07,60608011,2998.808107,46401157,2295.870851,1,0.494787415,288,142.4987754,289.3,143.141999,1.001,501.8,0.248284325,0.1918,55.48774,27.45463542
portland_NorthFork_CurCond.202203.cl532_future.chn_cs140,CurCond,NorthFork,Future,Headworks,2021.07,87832692,4345.851059,66762565,3303.327693,48.6,24.04666835,901.9,446.2487692,950.8,470.4438738,1,1230.3,0.608736956,0.2006,190.73048,94.37104108
portland_NorthFork_CurCond.202203.cl532_gridmet.chn_cs140,CurCond,NorthFork,Gridmet,Headworks,2021.07,81526975,4033.852118,61056790,3021.013127,20.9,10.34105696,713.8,353.1792565,732,362.1843875,0.996,994.3,0.491967126,0.1967,143.9844,71.24166902
portland_NorthFork_HighSevS.202203.chn_cs140,HighSevS,NorthFork,CLIGEN,Headworks,2021.07,60608011,2998.808107,50504557,2498.901918,24667.6,12205.21803,42744.6,21149.49012,41129.4,20350.30949,0.61,41356.5,20.46267571,0.7977,32808.92238,16233.44188
portland_NorthFork_LowSevS.202203.chn_cs140,LowSevS,NorthFork,CLIGEN,Headworks,2021.07,60608011,2998.808107,48406264,2395.081021,400,197.9149658,5174.8,2560.425913,4233.9,2094.880435,0.759,4454.3,2.203931581,0.8805,3727.94895,1844.542223
portland_NorthFork_ModSevS.202203.chn_cs140,ModSevS,NorthFork,CLIGEN,Headworks,2021.07,60608011,2998.808107,49473814,2447.902052,2696,1333.94687,5558.8,2750.42428,6173,3054.32271,0.748,6396.5,3.164907697,0.7449,4598.2677,2275.164987
portland_NorthFork_PrescFireS.202203.chn_cs140,PrescFireS,NorthFork,CLIGEN,Headworks,2021.07,60608011,2998.808107,47830216,2366.578891,188.4,93.21794891,2765.7,1368.433553,619,306.2734096,0.21,835,0.413147491,0.383,237.077,117.3027159
portland_NorthFork_SimFire_Eagle.202203.cl532.chn_cs140,SimFire_Eagle,NorthFork,CLIGEN,Headworks,2021.07,60608011,2998.808107,49465334,2447.482472,7978.6,3947.710866,16974.8,8398.917405,16433.2,8130.940541,0.659,16656.6,8.24147605,0.811,13327.3252,6594.192779
portland_NorthFork_SimFire_Norse.202203.cl532.chn_cs140,SimFire_Norse,NorthFork,CLIGEN,Headworks,2021.07,60608011,2998.808107,49315241,2440.056059,2426.6,1200.65114,5040.2,2493.827527,5568.5,2755.223718,0.746,5791.6,2.86561079,0.7486,4168.5791,2062.560475
portland_SouthFork_CurCond.202203.cl532.chn_cs160,CurCond,SouthFork,CLIGEN,Headworks,3839.34,118247499,3079.891309,88732481,2311.13892,0.6,0.15627686,378.2,98.50651414,368.7,96.03213052,0.974,753.9,0.196361875,0.1918,70.71666,18.41896263
portland_SouthFork_CurCond.202203.cl532_future.chn_cs160,CurCond,SouthFork,Future,Headworks,3839.34,134541599,3504.289774,97514033,2539.864482,67.8,17.65928519,740.3,192.8195992,766,199.513458,0.948,1166.8,0.303906401,0.2008,153.8128,40.06230237
portland_SouthFork_CurCond.202203.cl532_gridmet.chn_cs160,CurCond,SouthFork,Gridmet,Headworks,3839.34,131303381,3419.946684,96535614,2514.38044,23.5,6.120843687,639.6,166.5911329,631,164.3511645,0.952,1033.1,0.269082707,0.196,123.676,32.21282825
portland_SouthFork_HighSevS.202203.chn_cs160,HighSevS,SouthFork,CLIGEN,Headworks,3839.34,118247499,3079.891309,96314764,2508.62815,92589.8,24116.07203,29338.9,7641.651951,53824.5,14019.20643,0.441,54236.6,14.12654258,0.615,33102.0675,8621.811952
portland_SouthFork_LowSevS.202203.chn_cs160,LowSevS,SouthFork,CLIGEN,Headworks,3839.34,118247499,3079.891309,92356260,2405.524387,942.6,245.5109472,412.5,107.4403413,1084.8,282.548563,0.801,1484.4,0.386628952,0.3176,344.53248,89.73742362
portland_SouthFork_ModSevS.202203.chn_cs160,ModSevS,SouthFork,CLIGEN,Headworks,3839.34,118247499,3079.891309,94501985,2461.412248,10096.2,2629.670725,608.8,158.5689207,6722.6,1750.978033,0.628,7128.7,1.856751421,0.4003,2691.05678,700.9165065
portland_SouthFork_PrescFireS.202203.chn_cs160,PrescFireS,SouthFork,CLIGEN,Headworks,3839.34,118247499,3079.891309,90831870,2365.819907,537.7,140.0501128,409.4,106.6329109,803.5,209.2807618,0.848,1194.4,0.311095136,0.2846,228.6761,59.56130481
portland_SouthFork_SimFire_Eagle.202203.cl532.chn_cs160,SimFire_Eagle,SouthFork,CLIGEN,Headworks,3839.34,118247499,3079.891309,94321238,2456.704486,25965.6,6763.037397,1917.4,499.4087525,9914,2582.214651,0.356,10319.2,2.687753624,0.4961,4918.3354,1281.036689
portland_SouthFork_SimFire_Norse.202203.cl532.chn_cs160,SimFire_Norse,SouthFork,CLIGEN,Headworks,3839.34,118247499,3079.891309,94307167,2456.33799,29140.3,7589.92431,1570.4,409.0286351,8321.1,2167.325634,0.271,8726.5,2.272916699,0.5048,4200.49128,1094.06598
portland_LittleSandy_CurCond.202203.cl532.chn_cs110,CurCond,Little Sandy,CLIGEN,Headworks,5737.17,166904057,2909.170497,113959835,1986.342308,1,0.174301964,954.6,166.388655,843.6,147.041137,0.883,1347.3,0.234837036,0.1918,161.80248,28.20249008
portland_LittleSandy_CurCond.202203.cl532_future.chn_cs110,CurCond,Little Sandy,Future,Headworks,5737.17,166983592,2910.556808,108801188,1896.426078,24,4.183247141,1262.2,220.0039392,1018.7,177.5614109,0.792,1485.6,0.258942998,0.197,200.6839,34.97959796
portland_LittleSandy_CurCond.202203.cl532_gridmet.chn_cs110,CurCond,Little Sandy,Gridmet,Headworks,5737.17,162976418,2840.710978,108025882,1882.912342,12.2,2.126483963,1131.1,197.1529517,932.4,162.5191514,0.815,1401.7,0.244319063,0.1954,182.19096,31.75624219
portland_LittleSandy_HighSevS.202203.chn_cs110,HighSevS,Little Sandy,CLIGEN,Headworks,5737.17,166904057,2909.170497,126410050,2203.352001,69114.5,12046.79311,5894.7,1027.457788,23386.7,4076.347746,0.312,23936.3,4.172144106,0.5942,13896.37714,2422.165831
portland_LittleSandy_LowSevS.202203.chn_cs110,LowSevS,Little Sandy,CLIGEN,Headworks,5737.17,166904057,2909.170497,120122148,2093.752634,942.3,164.2447409,1019.4,177.6834223,1439.8,250.9599681,0.734,1968.1,0.343043696,0.308,443.4584,77.29567016
portland_LittleSandy_ModSevS.202203.chn_cs110,ModSevS,Little Sandy,CLIGEN,Headworks,5737.17,166904057,2909.170497,123389738,2150.70737,6981.5,1216.889163,1129.8,196.9263592,4103.3,715.2132497,0.506,4642,0.809109718,0.4633,1901.05889,331.3582986
portland_LittleSandy_PrescFireS.202203.chn_cs110,PrescFireS,Little Sandy,CLIGEN,Headworks,5737.17,166904057,2909.170497,117760066,2052.581081,466.2,81.25957571,1024.2,178.5200717,1214.2,211.6374449,0.815,1729.4,0.301437817,0.2597,315.32774,54.96224445
portland_LittleSandy_SimFire_Eagle.202203.cl532.chn_cs110,SimFire_Eagle,Little Sandy,CLIGEN,Headworks,5737.17,166904057,2909.170497,122628258,2137.434624,9390.6,1636.800025,1242.7,216.6050509,4301.6,749.7773292,0.405,4837.5,0.843185752,0.4687,2016.15992,351.4206342
portland_LittleSandy_SimFire_Norse.202203.cl532.chn_cs110,SimFire_Norse,Little Sandy,CLIGEN,Headworks,5737.17,166904057,2909.170497,122998965,2143.89612,14486.2,2524.973114,3020.9,526.5488037,4724.9,823.5593507,0.27,5262.1,0.917194366,0.5201,2457.42049,428.3332183
portland_FirCreek_CurCond.202203.cl532.chn_cs150,CurCond,FirCreek,CLIGEN,Headworks,1343.92,43212951,3215.440726,31589820,2350.572951,0.2,0.148818382,51.2,38.0975058,51.5,38.32073338,1.002,183.3,0.136392047,0.1921,9.89315,7.361412882
portland_FirCreek_CurCond.202203.cl532_future.chn_cs150,CurCond,FirCreek,Future,Headworks,1343.92,39901824,2969.062444,28252550,2102.24939,5.1,3.794868742,113.8,84.67765938,119.4,88.84457408,1.004,235.8,0.175456872,0.1963,23.43822,17.44018989
portland_FirCreek_CurCond.202203.cl532_gridmet.chn_cs150,CurCond,FirCreek,Gridmet,Headworks,1343.92,39262374,2921.481487,28383174,2111.969016,1.9,1.413774629,85.7,63.76867671,88.1,65.55449729,1.005,206.5,0.153654979,0.1947,17.15307,12.76346062
portland_FirCreek_HighSevS.202203.chn_cs150,HighSevS,FirCreek,CLIGEN,Headworks,1343.92,43212951,3215.440726,34027671,2531.971472,49411.6,36766.77183,20827.9,15497.8719,49001.8,36461.84297,0.698,49140.8,36.56527174,0.56,27441.008,20418.63206
portland_FirCreek_LowSevS.202203.chn_cs150,LowSevS,FirCreek,CLIGEN,Headworks,1343.92,43212951,3215.440726,32730662,2435.462081,429.1,319.2898387,69.4,51.63997857,478,355.6759331,0.959,613.9,0.456798024,0.2782,132.9796,98.94904459
portland_FirCreek_ModSevS.202203.chn_cs150,ModSevS,FirCreek,CLIGEN,Headworks,1343.92,43212951,3215.440726,33421924,2486.898327,4378.7,3258.155247,2165.3,1611.182213,5649.5,4203.747247,0.863,5786.8,4.305911066,0.5275,2980.11125,2217.476673
portland_FirCreek_PrescFireS.202203.chn_cs150,PrescFireS,FirCreek,CLIGEN,Headworks,1343.92,43212951,3215.440726,32177534,2394.304274,240.3,178.805286,61.6,45.83606167,302.7,225.2366212,1.003,435.4,0.323977618,0.2536,76.76472,57.12000714
portland_FirCreek_SimFire_Eagle.202203.cl532.chn_cs150,SimFire_Eagle,FirCreek,CLIGEN,Headworks,1343.92,43212951,3215.440726,33504022,2493.007173,19383,14422.7335,7673,5709.417227,18294.8,13613.01268,0.676,18432.4,13.71539973,0.5646,10329.24408,7685.906959
portland_FirCreek_SimFire_Norse.202203.cl532.chn_cs150,SimFire_Norse,FirCreek,CLIGEN,Headworks,1343.92,43212951,3215.440726,33477665,2491.04597,8960.4,6667.361152,7407.8,5512.084053,10984.5,8173.477588,0.671,11121.8,8.275641407,0.5791,6361.12395,4733.260871
portland_CedarCreek_CurCond.202203.cl532.chn_cs150,CurCond,CedarCreek,CLIGEN,Headworks,1927.21,59234840,3073.605886,46674320,2421.859579,0.5,0.259442406,12.1,6.278506234,12.2,6.330394716,0.968,202.4,0.105022286,0.1976,2.41072,1.250885996
portland_CedarCreek_CurCond.202203.cl532_future.chn_cs150,CurCond,CedarCreek,Future,Headworks,1927.21,72242378,3748.547278,57653012,2991.527234,123.7,64.18605134,92.9,48.20439911,198.9,103.2061893,0.918,421,0.218450506,0.252,50.1228,26.00795969
portland_CedarCreek_CurCond.202203.cl532_gridmet.chn_cs150,CurCond,CedarCreek,Gridmet,Headworks,1927.21,68646141,3561.944002,55144197,2861.348634,38.6,20.02895377,61.7,32.01519295,86.6,44.93542479,0.863,302.6,0.157014544,0.2299,19.90934,10.33065416
portland_CedarCreek_HighSevS.202203.chn_cs150,HighSevS,CedarCreek,CLIGEN,Headworks,1927.21,59234840,3073.605886,50378125,2614.044396,41979.9,21782.73255,1263.4,655.5590724,6025.3,3126.436662,0.139,6227.9,3.231562725,0.6723,4050.80919,2101.903368
portland_CedarCreek_LowSevS.202203.chn_cs150,LowSevS,CedarCreek,CLIGEN,Headworks,1927.21,59234840,3073.605886,48395592,2511.173769,289.9,150.4247072,17.8,9.236149667,112.2,58.21887599,0.365,308.9,0.160283519,0.5099,57.21078,29.68580487
portland_CedarCreek_ModSevS.202203.chn_cs150,ModSevS,CedarCreek,CLIGEN,Headworks,1927.21,59234840,3073.605886,49494564,2568.197757,3519.9,1826.422652,502.1,260.5320645,849,440.533206,0.211,1048.9,0.54425828,0.5705,484.3545,251.324194
portland_CedarCreek_PrescFireS.202203.chn_cs150,PrescFireS,CedarCreek,CLIGEN,Headworks,1927.21,59234840,3073.605886,47543305,2466.949891,171.2,88.83307994,80.8,41.92589287,95.2,49.39783417,0.378,287.6,0.149231272,0.4163,39.63176,20.56431837
portland_CedarCreek_SimFire_Eagle.202203.cl532.chn_cs150,SimFire_Eagle,CedarCreek,CLIGEN,Headworks,1927.21,59234840,3073.605886,49495876,2568.265835,16325.1,8470.846457,874.7,453.8685457,2283.5,1184.87347,0.133,2483.2,1.288494767,0.6739,1538.85065,798.4862314
portland_CedarCreek_SimFire_Norse.202203.cl532.chn_cs150,SimFire_Norse,CedarCreek,CLIGEN,Headworks,1927.21,59234840,3073.605886,49588663,2573.080412,19526.8,10132.15996,1128.7,585.6652882,2572.7,1334.934958,0.125,2772.8,1.438763809,0.6807,1751.23689,908.6902258
portland_DeerCreek_CurCond.202203.cl532.chn_cs140,CurCond,DeerCreek,CLIGEN,Headworks,360.09,9101706,2527.619762,6661520,1849.959732,0,0,0,0,0,0,1.001,30.6,0.084978755,0.354,0,0
portland_DeerCreek_CurCond.202203.cl532_future.chn_cs140,CurCond,DeerCreek,Future,Headworks,360.09,13280150,3688.008553,9914578,2753.361104,0.8,2.221666806,3.7,10.27520898,4.4,12.21916743,1.002,45.6,0.126635008,0.2146,0.94424,2.622233331
portland_DeerCreek_CurCond.202203.cl532_gridmet.chn_cs140,CurCond,DeerCreek,Gridmet,Headworks,360.09,9798602,2721.1536,6645885,1845.617762,0.1,0.277708351,0.5,1.388541753,0.6,1.666250104,1.001,30,0.083312505,0.2083,0.12498,0.347079897
portland_DeerCreek_HighSevS.202203.chn_cs140,HighSevS,DeerCreek,CLIGEN,Headworks,360.09,9101706,2527.619762,7568908,2101.948957,946.5,2628.509539,0.3,0.833125052,825.6,2292.760143,0.872,859.8,2.387736399,0.4019,331.80864,921.4603016
portland_DeerCreek_LowSevS.202203.chn_cs140,LowSevS,DeerCreek,CLIGEN,Headworks,360.09,9101706,2527.619762,7157065,1987.576717,8.1,22.49437641,0,0,8.1,22.49437641,1.004,40.9,0.113582715,0.3676,2.97756,8.268932767
portland_DeerCreek_ModSevS.202203.chn_cs140,ModSevS,DeerCreek,CLIGEN,Headworks,360.09,9101706,2527.619762,7359813,2043.88153,82.1,227.9985559,0,0,82.7,229.664806,1.007,116.1,0.322419395,0.3485,28.82095,80.0381849
portland_DeerCreek_PrescFireS.202203.chn_cs140,PrescFireS,DeerCreek,CLIGEN,Headworks,360.09,9101706,2527.619762,7013830,1947.799161,5.4,14.99625094,0,0,5.4,14.99625094,1.006,37.2,0.103307506,0.3464,1.87056,5.194701325
portland_DeerCreek_SimFire_Eagle.202203.cl532.chn_cs140,SimFire_Eagle,DeerCreek,CLIGEN,Headworks,360.09,9101706,2527.619762,7345929,2040.025827,195.3,542.3644089,0.1,0.277708351,188.4,523.2025327,0.964,221.8,0.615957122,0.3292,62.02128,172.2382738
portland_DeerCreek_SimFire_Norse.202203.cl532.chn_cs140,SimFire_Norse,DeerCreek,CLIGEN,Headworks,360.09,9101706,2527.619762,7358052,2043.392485,82.1,227.9985559,0,0,82.7,229.664806,1.007,116.1,0.322419395,0.3485,28.82095,80.0381849
portland_CougarCreek_CurCond.202203.cl532.chn_cs140,CurCond,CougarCreek,CLIGEN,Headworks,591.28,17782808,3007.510486,12396717,2096.58994,0,0,0.6,1.014747666,0.6,1.014747666,1.004,56.9,0.096231904,0.1954,0.11724,0.198281694
portland_CougarCreek_CurCond.202203.cl532_future.chn_cs140,CurCond,CougarCreek,Future,Headworks,591.28,14653908,2478.33649,9652738,1632.515559,0.1,0.169124611,11.3,19.11108104,11.3,19.11108104,0.994,54.7,0.092511162,0.1934,2.18542,3.696083074
portland_CougarCreek_CurCond.202203.cl532_gridmet.chn_cs140,CurCond,CougarCreek,Gridmet,Headworks,591.28,13226620,2236.946963,8629026,1459.380666,0,0,4.5,7.610607496,4.4,7.441482885,0.988,44.1,0.074583953,0.1931,0.84964,1.436950345
portland_CougarCreek_HighSevS.202203.chn_cs140,HighSevS,CougarCreek,CLIGEN,Headworks,591.28,17782808,3007.510486,13638882,2306.670613,1431.4,2420.849682,88.2,149.1679069,1350.1,2283.351373,0.889,1410.5,2.385502638,0.5023,678.15523,1146.927395
portland_CougarCreek_LowSevS.202203.chn_cs140,LowSevS,CougarCreek,CLIGEN,Headworks,591.28,17782808,3007.510486,13026835,2203.158402,9.5,16.06683805,1.6,2.705993776,11.1,18.77283182,0.998,69.7,0.117879854,0.4613,5.12043,8.65990732
portland_CougarCreek_ModSevS.202203.chn_cs140,ModSevS,CougarCreek,CLIGEN,Headworks,591.28,17782808,3007.510486,13342586,2256.559667,95.1,160.8375051,3.6,6.088485996,97,164.0508727,0.983,156.4,0.264510892,0.4674,45.3378,76.67737789
portland_CougarCreek_PrescFireS.202203.chn_cs140,PrescFireS,CougarCreek,CLIGEN,Headworks,591.28,17782808,3007.510486,12839811,2171.528041,6.8,11.50047355,2.4,4.058990664,9.2,15.55946421,0.998,66.4,0.112298742,0.4129,3.79868,6.424502774
portland_CougarCreek_SimFire_Eagle.202203.cl532.chn_cs140,SimFire_Eagle,CougarCreek,CLIGEN,Headworks,591.28,17782808,3007.510486,13383213,2263.430693,343.6,581.1121634,6.7,11.33134894,317.8,537.4780138,0.907,377.3,0.638107157,0.5408,171.86624,290.6681099
portland_CougarCreek_SimFire_Norse.202203.cl532.chn_cs140,SimFire_Norse,CougarCreek,CLIGEN,Headworks,591.28,17782808,3007.510486,13334393,2255.174029,115.4,195.1698011,3.5,5.919361385,117.2,198.2140441,0.986,176.6,0.298674063,0.4834,56.65448,95.81666892
portland_BearCreek_CurCond.202203.cl532.chn_cs140,CurCond,BearCreek,CLIGEN,Headworks,423.55,11169462,2637.105891,8228424,1942.727895,0,0,7.4,17.47137292,7.5,17.70747255,1.002,45.6,0.107661433,0.1918,1.4385,3.396293236
portland_BearCreek_CurCond.202203.cl532_future.chn_cs140,CurCond,BearCreek,Future,Headworks,423.55,14375363,3394.017944,11717285,2766.446701,2.1,4.958092315,77.1,182.0328178,79.4,187.4631094,1.002,128.9,0.304332428,0.1987,15.77678,37.24891984
portland_BearCreek_CurCond.202203.cl532_gridmet.chn_cs140,CurCond,BearCreek,Gridmet,Headworks,423.55,9166576,2164.225239,6372553,1504.557431,0,0,12.2,28.80415535,12.2,28.80415535,1.001,41.7,0.098453547,0.1918,2.33996,5.524636997
portland_BearCreek_HighSevS.202203.chn_cs140,HighSevS,BearCreek,CLIGEN,Headworks,423.55,11169462,2637.105891,9223789,2177.733207,1369.8,3234.092787,650.9,1536.772518,2004.8,4733.325463,0.992,2046.7,4.83225121,0.5689,1140.53072,2692.788856
portland_BearCreek_LowSevS.202203.chn_cs140,LowSevS,BearCreek,CLIGEN,Headworks,423.55,11169462,2637.105891,8751787,2066.293708,6.2,14.63817731,18.8,44.3867312,25.1,59.26100815,1.002,65.4,0.154409161,0.5216,13.09216,30.91054185
portland_BearCreek_ModSevS.202203.chn_cs140,ModSevS,BearCreek,CLIGEN,Headworks,423.55,11169462,2637.105891,8988637,2122.213906,87.4,206.3510802,335.1,791.1698737,257.6,608.1926573,0.61,298.6,0.704993507,0.7323,188.64048,445.3794829
portland_BearCreek_PrescFireS.202203.chn_cs140,PrescFireS,BearCreek,CLIGEN,Headworks,423.55,11169462,2637.105891,8596523,2029.635934,3.7,8.73568646,12.4,29.27635462,16.2,38.24814072,1.002,55.5,0.131035297,0.2185,3.5397,8.357218746
portland_BearCreek_SimFire_Eagle.202203.cl532.chn_cs140,SimFire_Eagle,BearCreek,CLIGEN,Headworks,423.55,11169462,2637.105891,9045813,2135.713139,356.3,841.2229961,432.9,1022.075316,589.8,1392.515642,0.747,631,1.489788691,0.6919,408.08262,963.4815724
portland_BearCreek_SimFire_Norse.202203.cl532.chn_cs140,SimFire_Norse,BearCreek,CLIGEN,Headworks,423.55,11169462,2637.105891,8985553,2121.485775,87.1,205.6427813,334.5,789.7532759,256.7,606.0677606,0.609,297.7,0.702868611,0.7323,187.98141,443.8234211
portland_CampCreek_CurCond.202203.cl532.chn_cs140,CurCond,CampCreek,CLIGEN,Headworks,510.45,12747337,2497.274366,9183659,1799.129983,0,0,1.7,3.33039475,1.7,3.33039475,1.002,45.9,0.089920658,0.1918,0.32606,0.638769713
portland_CampCreek_CurCond.202203.cl532_future.chn_cs140,CurCond,CampCreek,Future,Headworks,510.45,12769311,2501.579195,8427104,1650.916642,0,0,11,21.54961309,11.1,21.74551866,1.001,50.1,0.098148692,0.1918,2.12898,4.170790479
portland_CampCreek_CurCond.202203.cl532_gridmet.chn_cs140,CurCond,CampCreek,Gridmet,Headworks,510.45,14672879,2874.498776,10604103,2077.40288,0,0,14.6,28.60221373,14.6,28.60221373,1,63.4,0.124204134,0.1918,2.80028,5.485904594
portland_CampCreek_HighSevS.202203.chn_cs140,HighSevS,CampCreek,CLIGEN,Headworks,510.45,12747337,2497.274366,10323910,2022.511509,1070.7,2097.560976,4,7.836222941,826.6,1619.355471,0.769,875.7,1.715545107,0.3768,311.46288,610.1731413
portland_CampCreek_LowSevS.202203.chn_cs140,LowSevS,CampCreek,CLIGEN,Headworks,510.45,12747337,2497.274366,9771111,1914.215104,8.5,16.65197375,2.4,4.701733764,10.9,21.35370751,0.999,57.8,0.113233421,0.2984,3.25256,6.371946322
portland_CampCreek_ModSevS.202203.chn_cs140,ModSevS,CampCreek,CLIGEN,Headworks,510.45,12747337,2497.274366,10043939,1967.66363,97,190.0284063,3.2,6.268978352,94.4,184.9348614,0.942,142.4,0.278969537,0.3152,29.75488,58.29146831
portland_CampCreek_PrescFireS.202203.chn_cs140,PrescFireS,CampCreek,CLIGEN,Headworks,510.45,12747337,2497.274366,9600752,1880.840827,4.9,9.599373102,3.1,6.073072779,8,15.67244588,1.001,53.7,0.105201293,0.2622,2.0976,4.10931531
portland_CampCreek_SimFire_Eagle.202203.cl532.chn_cs140,SimFire_Eagle,CampCreek,CLIGEN,Headworks,510.45,12747337,2497.274366,9917713,1942.935253,97,190.0284063,2.8,5.485356058,94,184.1512391,0.942,141.4,0.277010481,0.3155,29.657,58.09971594
portland_CampCreek_SimFire_Norse.202010.cl532.chn_cs140,SimFire_Norse,CampCreek,CLIGEN,Headworks,510.45,12745923,2496.997355,9926951,1944.745029,40.1,78.55813498,142.9,279.9490646,181.7,355.9604271,0.993,229.8,0.450191008,0.852,154.8084,303.2782839
portland_FivemileCreek_CurCond.202203.cl532.chn_cs140,CurCond,FivemileCreek,CLIGEN,Headworks,181.89,3888889,2138.044422,2602891,1431.024795,0,0,0.2,1.099565672,0.2,1.099565672,1.001,12.3,0.067623289,0.1931,0.03862,0.212326131
portland_FivemileCreek_CurCond.202203.cl532_future.chn_cs140,CurCond,FivemileCreek,Future,Headworks,181.89,4410712,2424.933751,2989582,1643.62087,0,0,3.6,19.79218209,3.7,20.34196492,1.001,17,0.093463082,0.1918,0.70966,3.901588872
portland_FivemileCreek_CurCond.202203.cl532_gridmet.chn_cs140,CurCond,FivemileCreek,Gridmet,Headworks,181.89,4032571,2217.03832,2736409,1504.4307,0,0,1.8,9.896091044,1.8,9.896091044,1.001,14.3,0.078618946,0.1918,0.34524,1.898070262
portland_FivemileCreek_HighSevS.202203.chn_cs140,HighSevS,FivemileCreek,CLIGEN,Headworks,181.89,3888889,2138.044422,3114658,1712.385508,1268.1,6971.796141,19.4,106.6578701,1187.5,6528.671175,0.922,1201.7,6.606740338,0.3935,467.28125,2569.032107
portland_FivemileCreek_LowSevS.202203.chn_cs140,LowSevS,FivemileCreek,CLIGEN,Headworks,181.89,3888889,2138.044422,2893378,1590.729562,8.4,46.18175821,0.4,2.199131343,8.9,48.93067238,1.011,22.2,0.12205179,0.3357,2.98773,16.42602672
portland_FivemileCreek_ModSevS.202203.chn_cs140,ModSevS,FivemileCreek,CLIGEN,Headworks,181.89,3888889,2138.044422,2996360,1647.347298,150.8,829.0725164,3.4,18.69261642,155.2,853.2629611,1.007,168.9,0.92858321,0.3477,53.96304,296.6795316
portland_FivemileCreek_PrescFireS.202203.chn_cs140,PrescFireS,FivemileCreek,CLIGEN,Headworks,181.89,3888889,2138.044422,2813648,1546.895376,6.2,34.08653582,0.6,3.298697015,6.9,37.93501567,1.007,19.8,0.108857001,0.3131,2.16039,11.87745341
portland_FivemileCreek_SimFire_Eagle.202203.cl532.chn_cs140,SimFire_Eagle,FivemileCreek,CLIGEN,Headworks,181.89,3888889,2138.044422,2981922,1639.409533,150.7,828.5227335,3.4,18.69261642,155.2,853.2629611,1.007,168.8,0.928033427,0.3477,53.96304,296.6795316
portland_FivemileCreek_SimFire_Norse.202203.cl532.chn_cs140,SimFire_Norse,FivemileCreek,CLIGEN,Headworks,181.89,3888889,2138.044422,2990261,1643.994172,150.8,829.0725164,3.4,18.69261642,155.2,853.2629611,1.007,168.9,0.92858321,0.3477,53.96304,296.6795316
